{
  "total_batches": 7,
  "batches": [
    {
      "batch_id": "batch_001",
      "test_cases": [
        {
          "project_name": "Ecommerce",
          "test_suite_name": "Test01",
          "section_path": "Test Cases",
          "test_case_id": 2801,
          "title": "Test Case 1",
          "automation_statuses": "windows can automate",
          "tags": "regression, smoke",
          "preconditions": "Application is accessible",
          "steps": [
            "1. Open app\n2. Perform action 1\n3. Verify response"
          ],
          "expected_result": "System behaves as expected for scenario 1"
        },
        {
          "project_name": "Ecommerce",
          "test_suite_name": "Test01",
          "section_path": "Test Cases",
          "test_case_id": 2802,
          "title": "Test Case 2",
          "automation_statuses": "windows can automate",
          "tags": "regression, smoke",
          "preconditions": "Application is accessible",
          "steps": [
            "1. Open app\n2. Perform action 2\n3. Verify response"
          ],
          "expected_result": "System behaves as expected for scenario 2"
        },
        {
          "project_name": "Ecommerce",
          "test_suite_name": "Test01",
          "section_path": "Test Cases",
          "test_case_id": 2803,
          "title": "Test Case 3",
          "automation_statuses": "windows can automate",
          "tags": "regression, smoke",
          "preconditions": "Application is accessible",
          "steps": [
            "1. Open app\n2. Perform action 3\n3. Verify response"
          ],
          "expected_result": "System behaves as expected for scenario 3"
        },
        {
          "project_name": "Ecommerce",
          "test_suite_name": "Test01",
          "section_path": "Test Cases",
          "test_case_id": 2804,
          "title": "Test Case 4",
          "automation_statuses": "windows can automate",
          "tags": "regression, smoke",
          "preconditions": "Application is accessible",
          "steps": [
            "1. Open app\n2. Perform action 4\n3. Verify response"
          ],
          "expected_result": "System behaves as expected for scenario 4"
        },
        {
          "project_name": "Ecommerce",
          "test_suite_name": "Test01",
          "section_path": "Test Cases",
          "test_case_id": 2805,
          "title": "Test Case 5",
          "automation_statuses": "windows can automate",
          "tags": "regression, smoke",
          "preconditions": "Application is accessible",
          "steps": [
            "1. Open app\n2. Perform action 5\n3. Verify response"
          ],
          "expected_result": "System behaves as expected for scenario 5"
        },
        {
          "project_name": "Ecommerce",
          "test_suite_name": "Test01",
          "section_path": "Test Cases",
          "test_case_id": 2806,
          "title": "Test Case 6",
          "automation_statuses": "windows can automate",
          "tags": "regression, smoke",
          "preconditions": "Application is accessible",
          "steps": [
            "1. Open app\n2. Perform action 6\n3. Verify response"
          ],
          "expected_result": "System behaves as expected for scenario 6"
        },
        {
          "project_name": "Ecommerce",
          "test_suite_name": "Test01",
          "section_path": "Test Cases",
          "test_case_id": 2807,
          "title": "Test Case 7",
          "automation_statuses": "windows can automate",
          "tags": "regression, smoke",
          "preconditions": "Application is accessible",
          "steps": [
            "1. Open app\n2. Perform action 7\n3. Verify response"
          ],
          "expected_result": "System behaves as expected for scenario 7"
        },
        {
          "project_name": "Ecommerce",
          "test_suite_name": "Test01",
          "section_path": "Test Cases",
          "test_case_id": 2808,
          "title": "Test Case 8",
          "automation_statuses": "windows can automate",
          "tags": "regression, smoke",
          "preconditions": "Application is accessible",
          "steps": [
            "1. Open app\n2. Perform action 8\n3. Verify response"
          ],
          "expected_result": "System behaves as expected for scenario 8"
        },
        {
          "project_name": "Ecommerce",
          "test_suite_name": "Test01",
          "section_path": "Test Cases",
          "test_case_id": 2809,
          "title": "Test Case 9",
          "automation_statuses": "windows can automate",
          "tags": "regression, smoke",
          "preconditions": "Application is accessible",
          "steps": [
            "1. Open app\n2. Perform action 9\n3. Verify response"
          ],
          "expected_result": "System behaves as expected for scenario 9"
        },
        {
          "project_name": "Ecommerce",
          "test_suite_name": "Test01",
          "section_path": "Test Cases",
          "test_case_id": 2810,
          "title": "Test Case 10",
          "automation_statuses": "windows can automate",
          "tags": "regression, smoke",
          "preconditions": "Application is accessible",
          "steps": [
            "1. Open app\n2. Perform action 10\n3. Verify response"
          ],
          "expected_result": "System behaves as expected for scenario 10"
        },
        {
          "project_name": "Ecommerce",
          "test_suite_name": "Test01",
          "section_path": "Test Cases",
          "test_case_id": 2811,
          "title": "Test Case 11",
          "automation_statuses": "windows can automate",
          "tags": "regression, smoke",
          "preconditions": "Application is accessible",
          "steps": [
            "1. Open app\n2. Perform action 11\n3. Verify response"
          ],
          "expected_result": "System behaves as expected for scenario 11"
        },
        {
          "project_name": "Ecommerce",
          "test_suite_name": "Test01",
          "section_path": "Test Cases",
          "test_case_id": 2812,
          "title": "Test Case 12",
          "automation_statuses": "windows can automate",
          "tags": "regression, smoke",
          "preconditions": "Application is accessible",
          "steps": [
            "1. Open app\n2. Perform action 12\n3. Verify response"
          ],
          "expected_result": "System behaves as expected for scenario 12"
        },
        {
          "project_name": "Ecommerce",
          "test_suite_name": "Test01",
          "section_path": "Test Cases",
          "test_case_id": 2813,
          "title": "Test Case 13",
          "automation_statuses": "windows can automate",
          "tags": "regression, smoke",
          "preconditions": "Application is accessible",
          "steps": [
            "1. Open app\n2. Perform action 13\n3. Verify response"
          ],
          "expected_result": "System behaves as expected for scenario 13"
        },
        {
          "project_name": "Ecommerce",
          "test_suite_name": "Test01",
          "section_path": "Test Cases",
          "test_case_id": 2814,
          "title": "Test Case 14",
          "automation_statuses": "windows can automate",
          "tags": "regression, smoke",
          "preconditions": "Application is accessible",
          "steps": [
            "1. Open app\n2. Perform action 14\n3. Verify response"
          ],
          "expected_result": "System behaves as expected for scenario 14"
        },
        {
          "project_name": "Ecommerce",
          "test_suite_name": "Test01",
          "section_path": "Test Cases",
          "test_case_id": 2815,
          "title": "Test Case 15",
          "automation_statuses": "windows can automate",
          "tags": "regression, smoke",
          "preconditions": "Application is accessible",
          "steps": [
            "1. Open app\n2. Perform action 15\n3. Verify response"
          ],
          "expected_result": "System behaves as expected for scenario 15"
        }
      ]
    },
    {
      "batch_id": "batch_002",
      "test_cases": [
        {
          "project_name": "Ecommerce",
          "test_suite_name": "Test01",
          "section_path": "Test Cases",
          "test_case_id": 2816,
          "title": "Test Case 16",
          "automation_statuses": "windows can automate",
          "tags": "regression, smoke",
          "preconditions": "Application is accessible",
          "steps": [
            "1. Open app\n2. Perform action 16\n3. Verify response"
          ],
          "expected_result": "System behaves as expected for scenario 16"
        },
        {
          "project_name": "Ecommerce",
          "test_suite_name": "Test01",
          "section_path": "Test Cases",
          "test_case_id": 2817,
          "title": "Test Case 17",
          "automation_statuses": "windows can automate",
          "tags": "regression, smoke",
          "preconditions": "Application is accessible",
          "steps": [
            "1. Open app\n2. Perform action 17\n3. Verify response"
          ],
          "expected_result": "System behaves as expected for scenario 17"
        },
        {
          "project_name": "Ecommerce",
          "test_suite_name": "Test01",
          "section_path": "Test Cases",
          "test_case_id": 2818,
          "title": "Test Case 18",
          "automation_statuses": "windows can automate",
          "tags": "regression, smoke",
          "preconditions": "Application is accessible",
          "steps": [
            "1. Open app\n2. Perform action 18\n3. Verify response"
          ],
          "expected_result": "System behaves as expected for scenario 18"
        },
        {
          "project_name": "Ecommerce",
          "test_suite_name": "Test01",
          "section_path": "Test Cases",
          "test_case_id": 2819,
          "title": "Test Case 19",
          "automation_statuses": "windows can automate",
          "tags": "regression, smoke",
          "preconditions": "Application is accessible",
          "steps": [
            "1. Open app\n2. Perform action 19\n3. Verify response"
          ],
          "expected_result": "System behaves as expected for scenario 19"
        },
        {
          "project_name": "Ecommerce",
          "test_suite_name": "Test01",
          "section_path": "Test Cases",
          "test_case_id": 2820,
          "title": "Test Case 20",
          "automation_statuses": "windows can automate",
          "tags": "regression, smoke",
          "preconditions": "Application is accessible",
          "steps": [
            "1. Open app\n2. Perform action 20\n3. Verify response"
          ],
          "expected_result": "System behaves as expected for scenario 20"
        },
        {
          "project_name": "Ecommerce",
          "test_suite_name": "Test01",
          "section_path": "Test Cases",
          "test_case_id": 2821,
          "title": "Test Case 21",
          "automation_statuses": "windows can automate",
          "tags": "regression, smoke",
          "preconditions": "Application is accessible",
          "steps": [
            "1. Open app\n2. Perform action 21\n3. Verify response"
          ],
          "expected_result": "System behaves as expected for scenario 21"
        },
        {
          "project_name": "Ecommerce",
          "test_suite_name": "Test01",
          "section_path": "Test Cases",
          "test_case_id": 2822,
          "title": "Test Case 22",
          "automation_statuses": "windows can automate",
          "tags": "regression, smoke",
          "preconditions": "Application is accessible",
          "steps": [
            "1. Open app\n2. Perform action 22\n3. Verify response"
          ],
          "expected_result": "System behaves as expected for scenario 22"
        },
        {
          "project_name": "Ecommerce",
          "test_suite_name": "Test01",
          "section_path": "Test Cases",
          "test_case_id": 2823,
          "title": "Test Case 23",
          "automation_statuses": "windows can automate",
          "tags": "regression, smoke",
          "preconditions": "Application is accessible",
          "steps": [
            "1. Open app\n2. Perform action 23\n3. Verify response"
          ],
          "expected_result": "System behaves as expected for scenario 23"
        },
        {
          "project_name": "Ecommerce",
          "test_suite_name": "Test01",
          "section_path": "Test Cases",
          "test_case_id": 2824,
          "title": "Test Case 24",
          "automation_statuses": "windows can automate",
          "tags": "regression, smoke",
          "preconditions": "Application is accessible",
          "steps": [
            "1. Open app\n2. Perform action 24\n3. Verify response"
          ],
          "expected_result": "System behaves as expected for scenario 24"
        },
        {
          "project_name": "Ecommerce",
          "test_suite_name": "Test01",
          "section_path": "Test Cases",
          "test_case_id": 2825,
          "title": "Test Case 25",
          "automation_statuses": "windows can automate",
          "tags": "regression, smoke",
          "preconditions": "Application is accessible",
          "steps": [
            "1. Open app\n2. Perform action 25\n3. Verify response"
          ],
          "expected_result": "System behaves as expected for scenario 25"
        },
        {
          "project_name": "Ecommerce",
          "test_suite_name": "Test01",
          "section_path": "Test Cases",
          "test_case_id": 2826,
          "title": "Test Case 26",
          "automation_statuses": "windows can automate",
          "tags": "regression, smoke",
          "preconditions": "Application is accessible",
          "steps": [
            "1. Open app\n2. Perform action 26\n3. Verify response"
          ],
          "expected_result": "System behaves as expected for scenario 26"
        },
        {
          "project_name": "Ecommerce",
          "test_suite_name": "Test01",
          "section_path": "Test Cases",
          "test_case_id": 2827,
          "title": "Test Case 27",
          "automation_statuses": "windows can automate",
          "tags": "regression, smoke",
          "preconditions": "Application is accessible",
          "steps": [
            "1. Open app\n2. Perform action 27\n3. Verify response"
          ],
          "expected_result": "System behaves as expected for scenario 27"
        },
        {
          "project_name": "Ecommerce",
          "test_suite_name": "Test01",
          "section_path": "Test Cases",
          "test_case_id": 2828,
          "title": "Test Case 28",
          "automation_statuses": "windows can automate",
          "tags": "regression, smoke",
          "preconditions": "Application is accessible",
          "steps": [
            "1. Open app\n2. Perform action 28\n3. Verify response"
          ],
          "expected_result": "System behaves as expected for scenario 28"
        },
        {
          "project_name": "Ecommerce",
          "test_suite_name": "Test01",
          "section_path": "Test Cases",
          "test_case_id": 2829,
          "title": "Test Case 29",
          "automation_statuses": "windows can automate",
          "tags": "regression, smoke",
          "preconditions": "Application is accessible",
          "steps": [
            "1. Open app\n2. Perform action 29\n3. Verify response"
          ],
          "expected_result": "System behaves as expected for scenario 29"
        },
        {
          "project_name": "Ecommerce",
          "test_suite_name": "Test01",
          "section_path": "Test Cases",
          "test_case_id": 2830,
          "title": "Test Case 30",
          "automation_statuses": "windows can automate",
          "tags": "regression, smoke",
          "preconditions": "Application is accessible",
          "steps": [
            "1. Open app\n2. Perform action 30\n3. Verify response"
          ],
          "expected_result": "System behaves as expected for scenario 30"
        }
      ]
    },
    {
      "batch_id": "batch_003",
      "test_cases": [
        {
          "project_name": "Ecommerce",
          "test_suite_name": "Test01",
          "section_path": "Test Cases",
          "test_case_id": 2831,
          "title": "Test Case 31",
          "automation_statuses": "windows can automate",
          "tags": "regression, smoke",
          "preconditions": "Application is accessible",
          "steps": [
            "1. Open app\n2. Perform action 31\n3. Verify response"
          ],
          "expected_result": "System behaves as expected for scenario 31"
        },
        {
          "project_name": "Ecommerce",
          "test_suite_name": "Test01",
          "section_path": "Test Cases",
          "test_case_id": 2832,
          "title": "Test Case 32",
          "automation_statuses": "windows can automate",
          "tags": "regression, smoke",
          "preconditions": "Application is accessible",
          "steps": [
            "1. Open app\n2. Perform action 32\n3. Verify response"
          ],
          "expected_result": "System behaves as expected for scenario 32"
        },
        {
          "project_name": "Ecommerce",
          "test_suite_name": "Test01",
          "section_path": "Test Cases",
          "test_case_id": 2833,
          "title": "Test Case 33",
          "automation_statuses": "windows can automate",
          "tags": "regression, smoke",
          "preconditions": "Application is accessible",
          "steps": [
            "1. Open app\n2. Perform action 33\n3. Verify response"
          ],
          "expected_result": "System behaves as expected for scenario 33"
        },
        {
          "project_name": "Ecommerce",
          "test_suite_name": "Test01",
          "section_path": "Test Cases",
          "test_case_id": 2834,
          "title": "Test Case 34",
          "automation_statuses": "windows can automate",
          "tags": "regression, smoke",
          "preconditions": "Application is accessible",
          "steps": [
            "1. Open app\n2. Perform action 34\n3. Verify response"
          ],
          "expected_result": "System behaves as expected for scenario 34"
        },
        {
          "project_name": "Ecommerce",
          "test_suite_name": "Test01",
          "section_path": "Test Cases",
          "test_case_id": 2835,
          "title": "Test Case 35",
          "automation_statuses": "windows can automate",
          "tags": "regression, smoke",
          "preconditions": "Application is accessible",
          "steps": [
            "1. Open app\n2. Perform action 35\n3. Verify response"
          ],
          "expected_result": "System behaves as expected for scenario 35"
        },
        {
          "project_name": "Ecommerce",
          "test_suite_name": "Test01",
          "section_path": "Test Cases",
          "test_case_id": 2836,
          "title": "Test Case 36",
          "automation_statuses": "windows can automate",
          "tags": "regression, smoke",
          "preconditions": "Application is accessible",
          "steps": [
            "1. Open app\n2. Perform action 36\n3. Verify response"
          ],
          "expected_result": "System behaves as expected for scenario 36"
        },
        {
          "project_name": "Ecommerce",
          "test_suite_name": "Test01",
          "section_path": "Test Cases",
          "test_case_id": 2837,
          "title": "Test Case 37",
          "automation_statuses": "windows can automate",
          "tags": "regression, smoke",
          "preconditions": "Application is accessible",
          "steps": [
            "1. Open app\n2. Perform action 37\n3. Verify response"
          ],
          "expected_result": "System behaves as expected for scenario 37"
        },
        {
          "project_name": "Ecommerce",
          "test_suite_name": "Test01",
          "section_path": "Test Cases",
          "test_case_id": 2838,
          "title": "Test Case 38",
          "automation_statuses": "windows can automate",
          "tags": "regression, smoke",
          "preconditions": "Application is accessible",
          "steps": [
            "1. Open app\n2. Perform action 38\n3. Verify response"
          ],
          "expected_result": "System behaves as expected for scenario 38"
        },
        {
          "project_name": "Ecommerce",
          "test_suite_name": "Test01",
          "section_path": "Test Cases",
          "test_case_id": 2839,
          "title": "Test Case 39",
          "automation_statuses": "windows can automate",
          "tags": "regression, smoke",
          "preconditions": "Application is accessible",
          "steps": [
            "1. Open app\n2. Perform action 39\n3. Verify response"
          ],
          "expected_result": "System behaves as expected for scenario 39"
        },
        {
          "project_name": "Ecommerce",
          "test_suite_name": "Test01",
          "section_path": "Test Cases",
          "test_case_id": 2840,
          "title": "Test Case 40",
          "automation_statuses": "windows can automate",
          "tags": "regression, smoke",
          "preconditions": "Application is accessible",
          "steps": [
            "1. Open app\n2. Perform action 40\n3. Verify response"
          ],
          "expected_result": "System behaves as expected for scenario 40"
        },
        {
          "project_name": "Ecommerce",
          "test_suite_name": "Test01",
          "section_path": "Test Cases",
          "test_case_id": 2841,
          "title": "Test Case 41",
          "automation_statuses": "windows can automate",
          "tags": "regression, smoke",
          "preconditions": "Application is accessible",
          "steps": [
            "1. Open app\n2. Perform action 41\n3. Verify response"
          ],
          "expected_result": "System behaves as expected for scenario 41"
        },
        {
          "project_name": "Ecommerce",
          "test_suite_name": "Test01",
          "section_path": "Test Cases",
          "test_case_id": 2842,
          "title": "Test Case 42",
          "automation_statuses": "windows can automate",
          "tags": "regression, smoke",
          "preconditions": "Application is accessible",
          "steps": [
            "1. Open app\n2. Perform action 42\n3. Verify response"
          ],
          "expected_result": "System behaves as expected for scenario 42"
        },
        {
          "project_name": "Ecommerce",
          "test_suite_name": "Test01",
          "section_path": "Test Cases",
          "test_case_id": 2843,
          "title": "Test Case 43",
          "automation_statuses": "windows can automate",
          "tags": "regression, smoke",
          "preconditions": "Application is accessible",
          "steps": [
            "1. Open app\n2. Perform action 43\n3. Verify response"
          ],
          "expected_result": "System behaves as expected for scenario 43"
        },
        {
          "project_name": "Ecommerce",
          "test_suite_name": "Test01",
          "section_path": "Test Cases",
          "test_case_id": 2844,
          "title": "Test Case 44",
          "automation_statuses": "windows can automate",
          "tags": "regression, smoke",
          "preconditions": "Application is accessible",
          "steps": [
            "1. Open app\n2. Perform action 44\n3. Verify response"
          ],
          "expected_result": "System behaves as expected for scenario 44"
        },
        {
          "project_name": "Ecommerce",
          "test_suite_name": "Test01",
          "section_path": "Test Cases",
          "test_case_id": 2845,
          "title": "Test Case 45",
          "automation_statuses": "windows can automate",
          "tags": "regression, smoke",
          "preconditions": "Application is accessible",
          "steps": [
            "1. Open app\n2. Perform action 45\n3. Verify response"
          ],
          "expected_result": "System behaves as expected for scenario 45"
        }
      ]
    },
    {
      "batch_id": "batch_004",
      "test_cases": [
        {
          "project_name": "Ecommerce",
          "test_suite_name": "Test01",
          "section_path": "Test Cases",
          "test_case_id": 2846,
          "title": "Test Case 46",
          "automation_statuses": "windows can automate",
          "tags": "regression, smoke",
          "preconditions": "Application is accessible",
          "steps": [
            "1. Open app\n2. Perform action 46\n3. Verify response"
          ],
          "expected_result": "System behaves as expected for scenario 46"
        },
        {
          "project_name": "Ecommerce",
          "test_suite_name": "Test01",
          "section_path": "Test Cases",
          "test_case_id": 2847,
          "title": "Test Case 47",
          "automation_statuses": "windows can automate",
          "tags": "regression, smoke",
          "preconditions": "Application is accessible",
          "steps": [
            "1. Open app\n2. Perform action 47\n3. Verify response"
          ],
          "expected_result": "System behaves as expected for scenario 47"
        },
        {
          "project_name": "Ecommerce",
          "test_suite_name": "Test01",
          "section_path": "Test Cases",
          "test_case_id": 2848,
          "title": "Test Case 48",
          "automation_statuses": "windows can automate",
          "tags": "regression, smoke",
          "preconditions": "Application is accessible",
          "steps": [
            "1. Open app\n2. Perform action 48\n3. Verify response"
          ],
          "expected_result": "System behaves as expected for scenario 48"
        },
        {
          "project_name": "Ecommerce",
          "test_suite_name": "Test01",
          "section_path": "Test Cases",
          "test_case_id": 2849,
          "title": "Test Case 49",
          "automation_statuses": "windows can automate",
          "tags": "regression, smoke",
          "preconditions": "Application is accessible",
          "steps": [
            "1. Open app\n2. Perform action 49\n3. Verify response"
          ],
          "expected_result": "System behaves as expected for scenario 49"
        },
        {
          "project_name": "Ecommerce",
          "test_suite_name": "Test01",
          "section_path": "Test Cases",
          "test_case_id": 2850,
          "title": "Test Case 50",
          "automation_statuses": "windows can automate",
          "tags": "regression, smoke",
          "preconditions": "Application is accessible",
          "steps": [
            "1. Open app\n2. Perform action 50\n3. Verify response"
          ],
          "expected_result": "System behaves as expected for scenario 50"
        },
        {
          "project_name": "Ecommerce",
          "test_suite_name": "Test01",
          "section_path": "Test Cases",
          "test_case_id": 2851,
          "title": "Test Case 51",
          "automation_statuses": "windows can automate",
          "tags": "regression, smoke",
          "preconditions": "Application is accessible",
          "steps": [
            "1. Open app\n2. Perform action 51\n3. Verify response"
          ],
          "expected_result": "System behaves as expected for scenario 51"
        },
        {
          "project_name": "Ecommerce",
          "test_suite_name": "Test01",
          "section_path": "Test Cases",
          "test_case_id": 2852,
          "title": "Test Case 52",
          "automation_statuses": "windows can automate",
          "tags": "regression, smoke",
          "preconditions": "Application is accessible",
          "steps": [
            "1. Open app\n2. Perform action 52\n3. Verify response"
          ],
          "expected_result": "System behaves as expected for scenario 52"
        },
        {
          "project_name": "Ecommerce",
          "test_suite_name": "Test01",
          "section_path": "Test Cases",
          "test_case_id": 2853,
          "title": "Test Case 53",
          "automation_statuses": "windows can automate",
          "tags": "regression, smoke",
          "preconditions": "Application is accessible",
          "steps": [
            "1. Open app\n2. Perform action 53\n3. Verify response"
          ],
          "expected_result": "System behaves as expected for scenario 53"
        },
        {
          "project_name": "Ecommerce",
          "test_suite_name": "Test01",
          "section_path": "Test Cases",
          "test_case_id": 2854,
          "title": "Test Case 54",
          "automation_statuses": "windows can automate",
          "tags": "regression, smoke",
          "preconditions": "Application is accessible",
          "steps": [
            "1. Open app\n2. Perform action 54\n3. Verify response"
          ],
          "expected_result": "System behaves as expected for scenario 54"
        },
        {
          "project_name": "Ecommerce",
          "test_suite_name": "Test01",
          "section_path": "Test Cases",
          "test_case_id": 2855,
          "title": "Test Case 55",
          "automation_statuses": "windows can automate",
          "tags": "regression, smoke",
          "preconditions": "Application is accessible",
          "steps": [
            "1. Open app\n2. Perform action 55\n3. Verify response"
          ],
          "expected_result": "System behaves as expected for scenario 55"
        },
        {
          "project_name": "Ecommerce",
          "test_suite_name": "Test01",
          "section_path": "Test Cases",
          "test_case_id": 2856,
          "title": "Test Case 56",
          "automation_statuses": "windows can automate",
          "tags": "regression, smoke",
          "preconditions": "Application is accessible",
          "steps": [
            "1. Open app\n2. Perform action 56\n3. Verify response"
          ],
          "expected_result": "System behaves as expected for scenario 56"
        },
        {
          "project_name": "Ecommerce",
          "test_suite_name": "Test01",
          "section_path": "Test Cases",
          "test_case_id": 2857,
          "title": "Test Case 57",
          "automation_statuses": "windows can automate",
          "tags": "regression, smoke",
          "preconditions": "Application is accessible",
          "steps": [
            "1. Open app\n2. Perform action 57\n3. Verify response"
          ],
          "expected_result": "System behaves as expected for scenario 57"
        },
        {
          "project_name": "Ecommerce",
          "test_suite_name": "Test01",
          "section_path": "Test Cases",
          "test_case_id": 2858,
          "title": "Test Case 58",
          "automation_statuses": "windows can automate",
          "tags": "regression, smoke",
          "preconditions": "Application is accessible",
          "steps": [
            "1. Open app\n2. Perform action 58\n3. Verify response"
          ],
          "expected_result": "System behaves as expected for scenario 58"
        },
        {
          "project_name": "Ecommerce",
          "test_suite_name": "Test01",
          "section_path": "Test Cases",
          "test_case_id": 2859,
          "title": "Test Case 59",
          "automation_statuses": "windows can automate",
          "tags": "regression, smoke",
          "preconditions": "Application is accessible",
          "steps": [
            "1. Open app\n2. Perform action 59\n3. Verify response"
          ],
          "expected_result": "System behaves as expected for scenario 59"
        },
        {
          "project_name": "Ecommerce",
          "test_suite_name": "Test01",
          "section_path": "Test Cases",
          "test_case_id": 2860,
          "title": "Test Case 60",
          "automation_statuses": "windows can automate",
          "tags": "regression, smoke",
          "preconditions": "Application is accessible",
          "steps": [
            "1. Open app\n2. Perform action 60\n3. Verify response"
          ],
          "expected_result": "System behaves as expected for scenario 60"
        }
      ]
    },
    {
      "batch_id": "batch_005",
      "test_cases": [
        {
          "project_name": "Ecommerce",
          "test_suite_name": "Test01",
          "section_path": "Test Cases",
          "test_case_id": 2861,
          "title": "Test Case 61",
          "automation_statuses": "windows can automate",
          "tags": "regression, smoke",
          "preconditions": "Application is accessible",
          "steps": [
            "1. Open app\n2. Perform action 61\n3. Verify response"
          ],
          "expected_result": "System behaves as expected for scenario 61"
        },
        {
          "project_name": "Ecommerce",
          "test_suite_name": "Test01",
          "section_path": "Test Cases",
          "test_case_id": 2862,
          "title": "Test Case 62",
          "automation_statuses": "windows can automate",
          "tags": "regression, smoke",
          "preconditions": "Application is accessible",
          "steps": [
            "1. Open app\n2. Perform action 62\n3. Verify response"
          ],
          "expected_result": "System behaves as expected for scenario 62"
        },
        {
          "project_name": "Ecommerce",
          "test_suite_name": "Test01",
          "section_path": "Test Cases",
          "test_case_id": 2863,
          "title": "Test Case 63",
          "automation_statuses": "windows can automate",
          "tags": "regression, smoke",
          "preconditions": "Application is accessible",
          "steps": [
            "1. Open app\n2. Perform action 63\n3. Verify response"
          ],
          "expected_result": "System behaves as expected for scenario 63"
        },
        {
          "project_name": "Ecommerce",
          "test_suite_name": "Test01",
          "section_path": "Test Cases",
          "test_case_id": 2864,
          "title": "Test Case 64",
          "automation_statuses": "windows can automate",
          "tags": "regression, smoke",
          "preconditions": "Application is accessible",
          "steps": [
            "1. Open app\n2. Perform action 64\n3. Verify response"
          ],
          "expected_result": "System behaves as expected for scenario 64"
        },
        {
          "project_name": "Ecommerce",
          "test_suite_name": "Test01",
          "section_path": "Test Cases",
          "test_case_id": 2865,
          "title": "Test Case 65",
          "automation_statuses": "windows can automate",
          "tags": "regression, smoke",
          "preconditions": "Application is accessible",
          "steps": [
            "1. Open app\n2. Perform action 65\n3. Verify response"
          ],
          "expected_result": "System behaves as expected for scenario 65"
        },
        {
          "project_name": "Ecommerce",
          "test_suite_name": "Test01",
          "section_path": "Test Cases",
          "test_case_id": 2866,
          "title": "Test Case 66",
          "automation_statuses": "windows can automate",
          "tags": "regression, smoke",
          "preconditions": "Application is accessible",
          "steps": [
            "1. Open app\n2. Perform action 66\n3. Verify response"
          ],
          "expected_result": "System behaves as expected for scenario 66"
        },
        {
          "project_name": "Ecommerce",
          "test_suite_name": "Test01",
          "section_path": "Test Cases",
          "test_case_id": 2867,
          "title": "Test Case 67",
          "automation_statuses": "windows can automate",
          "tags": "regression, smoke",
          "preconditions": "Application is accessible",
          "steps": [
            "1. Open app\n2. Perform action 67\n3. Verify response"
          ],
          "expected_result": "System behaves as expected for scenario 67"
        },
        {
          "project_name": "Ecommerce",
          "test_suite_name": "Test01",
          "section_path": "Test Cases",
          "test_case_id": 2868,
          "title": "Test Case 68",
          "automation_statuses": "windows can automate",
          "tags": "regression, smoke",
          "preconditions": "Application is accessible",
          "steps": [
            "1. Open app\n2. Perform action 68\n3. Verify response"
          ],
          "expected_result": "System behaves as expected for scenario 68"
        },
        {
          "project_name": "Ecommerce",
          "test_suite_name": "Test01",
          "section_path": "Test Cases",
          "test_case_id": 2869,
          "title": "Test Case 69",
          "automation_statuses": "windows can automate",
          "tags": "regression, smoke",
          "preconditions": "Application is accessible",
          "steps": [
            "1. Open app\n2. Perform action 69\n3. Verify response"
          ],
          "expected_result": "System behaves as expected for scenario 69"
        },
        {
          "project_name": "Ecommerce",
          "test_suite_name": "Test01",
          "section_path": "Test Cases",
          "test_case_id": 2870,
          "title": "Test Case 70",
          "automation_statuses": "windows can automate",
          "tags": "regression, smoke",
          "preconditions": "Application is accessible",
          "steps": [
            "1. Open app\n2. Perform action 70\n3. Verify response"
          ],
          "expected_result": "System behaves as expected for scenario 70"
        },
        {
          "project_name": "Ecommerce",
          "test_suite_name": "Test01",
          "section_path": "Test Cases",
          "test_case_id": 2871,
          "title": "Test Case 71",
          "automation_statuses": "windows can automate",
          "tags": "regression, smoke",
          "preconditions": "Application is accessible",
          "steps": [
            "1. Open app\n2. Perform action 71\n3. Verify response"
          ],
          "expected_result": "System behaves as expected for scenario 71"
        },
        {
          "project_name": "Ecommerce",
          "test_suite_name": "Test01",
          "section_path": "Test Cases",
          "test_case_id": 2872,
          "title": "Test Case 72",
          "automation_statuses": "windows can automate",
          "tags": "regression, smoke",
          "preconditions": "Application is accessible",
          "steps": [
            "1. Open app\n2. Perform action 72\n3. Verify response"
          ],
          "expected_result": "System behaves as expected for scenario 72"
        },
        {
          "project_name": "Ecommerce",
          "test_suite_name": "Test01",
          "section_path": "Test Cases",
          "test_case_id": 2873,
          "title": "Test Case 73",
          "automation_statuses": "windows can automate",
          "tags": "regression, smoke",
          "preconditions": "Application is accessible",
          "steps": [
            "1. Open app\n2. Perform action 73\n3. Verify response"
          ],
          "expected_result": "System behaves as expected for scenario 73"
        },
        {
          "project_name": "Ecommerce",
          "test_suite_name": "Test01",
          "section_path": "Test Cases",
          "test_case_id": 2874,
          "title": "Test Case 74",
          "automation_statuses": "windows can automate",
          "tags": "regression, smoke",
          "preconditions": "Application is accessible",
          "steps": [
            "1. Open app\n2. Perform action 74\n3. Verify response"
          ],
          "expected_result": "System behaves as expected for scenario 74"
        },
        {
          "project_name": "Ecommerce",
          "test_suite_name": "Test01",
          "section_path": "Test Cases",
          "test_case_id": 2875,
          "title": "Test Case 75",
          "automation_statuses": "windows can automate",
          "tags": "regression, smoke",
          "preconditions": "Application is accessible",
          "steps": [
            "1. Open app\n2. Perform action 75\n3. Verify response"
          ],
          "expected_result": "System behaves as expected for scenario 75"
        }
      ]
    },
    {
      "batch_id": "batch_006",
      "test_cases": [
        {
          "project_name": "Ecommerce",
          "test_suite_name": "Test01",
          "section_path": "Test Cases",
          "test_case_id": 2876,
          "title": "Test Case 76",
          "automation_statuses": "windows can automate",
          "tags": "regression, smoke",
          "preconditions": "Application is accessible",
          "steps": [
            "1. Open app\n2. Perform action 76\n3. Verify response"
          ],
          "expected_result": "System behaves as expected for scenario 76"
        },
        {
          "project_name": "Ecommerce",
          "test_suite_name": "Test01",
          "section_path": "Test Cases",
          "test_case_id": 2877,
          "title": "Test Case 77",
          "automation_statuses": "windows can automate",
          "tags": "regression, smoke",
          "preconditions": "Application is accessible",
          "steps": [
            "1. Open app\n2. Perform action 77\n3. Verify response"
          ],
          "expected_result": "System behaves as expected for scenario 77"
        },
        {
          "project_name": "Ecommerce",
          "test_suite_name": "Test01",
          "section_path": "Test Cases",
          "test_case_id": 2878,
          "title": "Test Case 78",
          "automation_statuses": "windows can automate",
          "tags": "regression, smoke",
          "preconditions": "Application is accessible",
          "steps": [
            "1. Open app\n2. Perform action 78\n3. Verify response"
          ],
          "expected_result": "System behaves as expected for scenario 78"
        },
        {
          "project_name": "Ecommerce",
          "test_suite_name": "Test01",
          "section_path": "Test Cases",
          "test_case_id": 2879,
          "title": "Test Case 79",
          "automation_statuses": "windows can automate",
          "tags": "regression, smoke",
          "preconditions": "Application is accessible",
          "steps": [
            "1. Open app\n2. Perform action 79\n3. Verify response"
          ],
          "expected_result": "System behaves as expected for scenario 79"
        },
        {
          "project_name": "Ecommerce",
          "test_suite_name": "Test01",
          "section_path": "Test Cases",
          "test_case_id": 2880,
          "title": "Test Case 80",
          "automation_statuses": "windows can automate",
          "tags": "regression, smoke",
          "preconditions": "Application is accessible",
          "steps": [
            "1. Open app\n2. Perform action 80\n3. Verify response"
          ],
          "expected_result": "System behaves as expected for scenario 80"
        },
        {
          "project_name": "Ecommerce",
          "test_suite_name": "Test01",
          "section_path": "Test Cases",
          "test_case_id": 2881,
          "title": "Test Case 81",
          "automation_statuses": "windows can automate",
          "tags": "regression, smoke",
          "preconditions": "Application is accessible",
          "steps": [
            "1. Open app\n2. Perform action 81\n3. Verify response"
          ],
          "expected_result": "System behaves as expected for scenario 81"
        },
        {
          "project_name": "Ecommerce",
          "test_suite_name": "Test01",
          "section_path": "Test Cases",
          "test_case_id": 2882,
          "title": "Test Case 82",
          "automation_statuses": "windows can automate",
          "tags": "regression, smoke",
          "preconditions": "Application is accessible",
          "steps": [
            "1. Open app\n2. Perform action 82\n3. Verify response"
          ],
          "expected_result": "System behaves as expected for scenario 82"
        },
        {
          "project_name": "Ecommerce",
          "test_suite_name": "Test01",
          "section_path": "Test Cases",
          "test_case_id": 2883,
          "title": "Test Case 83",
          "automation_statuses": "windows can automate",
          "tags": "regression, smoke",
          "preconditions": "Application is accessible",
          "steps": [
            "1. Open app\n2. Perform action 83\n3. Verify response"
          ],
          "expected_result": "System behaves as expected for scenario 83"
        },
        {
          "project_name": "Ecommerce",
          "test_suite_name": "Test01",
          "section_path": "Test Cases",
          "test_case_id": 2884,
          "title": "Test Case 84",
          "automation_statuses": "windows can automate",
          "tags": "regression, smoke",
          "preconditions": "Application is accessible",
          "steps": [
            "1. Open app\n2. Perform action 84\n3. Verify response"
          ],
          "expected_result": "System behaves as expected for scenario 84"
        },
        {
          "project_name": "Ecommerce",
          "test_suite_name": "Test01",
          "section_path": "Test Cases",
          "test_case_id": 2885,
          "title": "Test Case 85",
          "automation_statuses": "windows can automate",
          "tags": "regression, smoke",
          "preconditions": "Application is accessible",
          "steps": [
            "1. Open app\n2. Perform action 85\n3. Verify response"
          ],
          "expected_result": "System behaves as expected for scenario 85"
        },
        {
          "project_name": "Ecommerce",
          "test_suite_name": "Test01",
          "section_path": "Test Cases",
          "test_case_id": 2886,
          "title": "Test Case 86",
          "automation_statuses": "windows can automate",
          "tags": "regression, smoke",
          "preconditions": "Application is accessible",
          "steps": [
            "1. Open app\n2. Perform action 86\n3. Verify response"
          ],
          "expected_result": "System behaves as expected for scenario 86"
        },
        {
          "project_name": "Ecommerce",
          "test_suite_name": "Test01",
          "section_path": "Test Cases",
          "test_case_id": 2887,
          "title": "Test Case 87",
          "automation_statuses": "windows can automate",
          "tags": "regression, smoke",
          "preconditions": "Application is accessible",
          "steps": [
            "1. Open app\n2. Perform action 87\n3. Verify response"
          ],
          "expected_result": "System behaves as expected for scenario 87"
        },
        {
          "project_name": "Ecommerce",
          "test_suite_name": "Test01",
          "section_path": "Test Cases",
          "test_case_id": 2888,
          "title": "Test Case 88",
          "automation_statuses": "windows can automate",
          "tags": "regression, smoke",
          "preconditions": "Application is accessible",
          "steps": [
            "1. Open app\n2. Perform action 88\n3. Verify response"
          ],
          "expected_result": "System behaves as expected for scenario 88"
        },
        {
          "project_name": "Ecommerce",
          "test_suite_name": "Test01",
          "section_path": "Test Cases",
          "test_case_id": 2889,
          "title": "Test Case 89",
          "automation_statuses": "windows can automate",
          "tags": "regression, smoke",
          "preconditions": "Application is accessible",
          "steps": [
            "1. Open app\n2. Perform action 89\n3. Verify response"
          ],
          "expected_result": "System behaves as expected for scenario 89"
        },
        {
          "project_name": "Ecommerce",
          "test_suite_name": "Test01",
          "section_path": "Test Cases",
          "test_case_id": 2890,
          "title": "Test Case 90",
          "automation_statuses": "windows can automate",
          "tags": "regression, smoke",
          "preconditions": "Application is accessible",
          "steps": [
            "1. Open app\n2. Perform action 90\n3. Verify response"
          ],
          "expected_result": "System behaves as expected for scenario 90"
        }
      ]
    },
    {
      "batch_id": "batch_007",
      "test_cases": [
        {
          "project_name": "Ecommerce",
          "test_suite_name": "Test01",
          "section_path": "Test Cases",
          "test_case_id": 2891,
          "title": "Test Case 91",
          "automation_statuses": "windows can automate",
          "tags": "regression, smoke",
          "preconditions": "Application is accessible",
          "steps": [
            "1. Open app\n2. Perform action 91\n3. Verify response"
          ],
          "expected_result": "System behaves as expected for scenario 91"
        },
        {
          "project_name": "Ecommerce",
          "test_suite_name": "Test01",
          "section_path": "Test Cases",
          "test_case_id": 2892,
          "title": "Test Case 92",
          "automation_statuses": "windows can automate",
          "tags": "regression, smoke",
          "preconditions": "Application is accessible",
          "steps": [
            "1. Open app\n2. Perform action 92\n3. Verify response"
          ],
          "expected_result": "System behaves as expected for scenario 92"
        },
        {
          "project_name": "Ecommerce",
          "test_suite_name": "Test01",
          "section_path": "Test Cases",
          "test_case_id": 2893,
          "title": "Test Case 93",
          "automation_statuses": "windows can automate",
          "tags": "regression, smoke",
          "preconditions": "Application is accessible",
          "steps": [
            "1. Open app\n2. Perform action 93\n3. Verify response"
          ],
          "expected_result": "System behaves as expected for scenario 93"
        },
        {
          "project_name": "Ecommerce",
          "test_suite_name": "Test01",
          "section_path": "Test Cases",
          "test_case_id": 2894,
          "title": "Test Case 94",
          "automation_statuses": "windows can automate",
          "tags": "regression, smoke",
          "preconditions": "Application is accessible",
          "steps": [
            "1. Open app\n2. Perform action 94\n3. Verify response"
          ],
          "expected_result": "System behaves as expected for scenario 94"
        },
        {
          "project_name": "Ecommerce",
          "test_suite_name": "Test01",
          "section_path": "Test Cases",
          "test_case_id": 2895,
          "title": "Test Case 95",
          "automation_statuses": "windows can automate",
          "tags": "regression, smoke",
          "preconditions": "Application is accessible",
          "steps": [
            "1. Open app\n2. Perform action 95\n3. Verify response"
          ],
          "expected_result": "System behaves as expected for scenario 95"
        },
        {
          "project_name": "Ecommerce",
          "test_suite_name": "Test01",
          "section_path": "Test Cases",
          "test_case_id": 2896,
          "title": "Test Case 96",
          "automation_statuses": "windows can automate",
          "tags": "regression, smoke",
          "preconditions": "Application is accessible",
          "steps": [
            "1. Open app\n2. Perform action 96\n3. Verify response"
          ],
          "expected_result": "System behaves as expected for scenario 96"
        },
        {
          "project_name": "Ecommerce",
          "test_suite_name": "Test01",
          "section_path": "Test Cases",
          "test_case_id": 2897,
          "title": "Test Case 97",
          "automation_statuses": "windows can automate",
          "tags": "regression, smoke",
          "preconditions": "Application is accessible",
          "steps": [
            "1. Open app\n2. Perform action 97\n3. Verify response"
          ],
          "expected_result": "System behaves as expected for scenario 97"
        },
        {
          "project_name": "Ecommerce",
          "test_suite_name": "Test01",
          "section_path": "Test Cases",
          "test_case_id": 2898,
          "title": "Test Case 98",
          "automation_statuses": "windows can automate",
          "tags": "regression, smoke",
          "preconditions": "Application is accessible",
          "steps": [
            "1. Open app\n2. Perform action 98\n3. Verify response"
          ],
          "expected_result": "System behaves as expected for scenario 98"
        },
        {
          "project_name": "Ecommerce",
          "test_suite_name": "Test01",
          "section_path": "Test Cases",
          "test_case_id": 2899,
          "title": "Test Case 99",
          "automation_statuses": "windows can automate",
          "tags": "regression, smoke",
          "preconditions": "Application is accessible",
          "steps": [
            "1. Open app\n2. Perform action 99\n3. Verify response"
          ],
          "expected_result": "System behaves as expected for scenario 99"
        },
        {
          "project_name": "Ecommerce",
          "test_suite_name": "Test01",
          "section_path": "Test Cases",
          "test_case_id": 2900,
          "title": "Test Case 100",
          "automation_statuses": "windows can automate",
          "tags": "regression, smoke",
          "preconditions": "Application is accessible",
          "steps": [
            "1. Open app\n2. Perform action 100\n3. Verify response"
          ],
          "expected_result": "System behaves as expected for scenario 100"
        },
        {
          [
  {
    "project_name": "Ecommerce",
    "test_suite_name": "Test01",
    "section_path": "Test Cases",
    "test_case_id": 0011,
    "title": "Verify user can log in with valid credentials",
    "automation_statuses": "windows can automate",
    "tags": "regression, smoke",
    "preconditions": "Application is installed and launchable. User account exists with valid credentials. Application is not logged in.",
    "steps": [
      "1. Launch the application and skip onboarding\n2. Verify the home page is loaded\n3. Navigate to the profile section\n4. Click the login/register button\n5. Verify the login page is displayed\n6. Enter a valid email address\n7. Enter a valid password\n8. Click the login button"
    ],
    "expected_result": "User is successfully logged in and the home page reflects logged-in state"
  },
  {
    "project_name": "Ecommerce",
    "test_suite_name": "Test01",
    "section_path": "Test Cases",
    "test_case_id": 0012,
    "title": "Verify error message is shown for invalid password",
    "automation_statuses": "windows can automate",
    "tags": "regression, smoke",
    "preconditions": "Application is installed and launchable. User account exists. Application is not logged in.",
    "steps": [
      "1. Launch the application and skip onboarding\n2. Navigate to the profile section\n3. Click the login/register button\n4. Verify the login page is displayed\n5. Enter a valid email address\n6. Enter an invalid password\n7. Click the login button"
    ],
    "expected_result": "Login fails and an error message is displayed on the login screen"
  },
  {
    "project_name": "Ecommerce",
    "test_suite_name": "Test01",
    "section_path": "Test Cases",
    "test_case_id": 0013,
    "title": "Verify navigation to create account from login screen",
    "automation_statuses": "windows can automate",
    "tags": "regression, smoke",
    "preconditions": "Application is installed and launchable. Application is not logged in.",
    "steps": [
      "1. Launch the application and skip onboarding\n2. Navigate to the profile section\n3. Click the login/register button\n4. Verify the login page is displayed\n5. Click the create account link"
    ],
    "expected_result": "Create account page is displayed successfully"
  }

      ]
    }
  ]
}
